;sequence;code_d_1;labels_d_1;scores_d_1;code_d_2;labels_d_2;scores_d_2;code_d_3;labels_d_3;scores_d_3;code_d_4;labels_d_4;scores_d_4;code_d_5;labels_d_5;scores_d_5;code_d_6;labels_d_6;scores_d_6
0;Quelles sont les mathématiques utilisées par les ingénieurs au quotidien? Une étude sur les pratiques des ingénieurs pour déterminer leurs besoins mathématiques (Education and social work);RDF20-21;Engineering and technology;0.6998093128204346;RDF50;Social sciences;0.16240845620632172;RDF30;Medical, health and life sciences;0.05459960550069809;RDF10;Natural sciences;0.04899058863520622;RDF60;Humanities and the arts;0.019582495093345642;RDF40;Agricultural and veterinary sciences;0.014609431847929955
1;High-tech paper: Security printing and the aesthetics of trust (Communications, media studies, gender studies, library and information science, related fields);RDF20-21;Engineering and technology;0.3887121081352234;RDF30;Medical, health and life sciences;0.22562937438488007;RDF50;Social sciences;0.19280265271663666;RDF60;Humanities and the arts;0.10720609873533249;RDF10;Natural sciences;0.0607273243367672;RDF40;Agricultural and veterinary sciences;0.02492244355380535
2;Integrin Alpha8 is a novel mediator of T lymphocyte migration across the CNS barriers (Systems & Circuits Neurosciences);RDF30;Medical, health and life sciences;0.35502734780311584;RDF20-21;Engineering and technology;0.3354772627353668;RDF10;Natural sciences;0.13488483428955078;RDF50;Social sciences;0.08070087432861328;RDF60;Humanities and the arts;0.06321924924850464;RDF40;Agricultural and veterinary sciences;0.030690481886267662
3;Growing up trans: A qualitative, international, and longitudinal investigation of trans youth access to gender affirming medical care, gender affirmation and well-being (Social & Developmental Aspects of Children's & Youth's Health);RDF30;Medical, health and life sciences;0.7248812913894653;RDF50;Social sciences;0.20203077793121338;RDF60;Humanities and the arts;0.03804395720362663;RDF10;Natural sciences;0.020244494080543518;RDF40;Agricultural and veterinary sciences;0.007609270047396421;RDF20-21;Engineering and technology;0.007190254982560873
4;Programmable DNA-based switches and nanomachines for sensing and drug delivery applications (Chemistry);RDF10;Natural sciences;0.4173160493373871;RDF20-21;Engineering and technology;0.3601004183292389;RDF30;Medical, health and life sciences;0.1984783113002777;RDF60;Humanities and the arts;0.010539529845118523;RDF50;Social sciences;0.009067914448678493;RDF40;Agricultural and veterinary sciences;0.0044977194629609585
5;Interactions between attention, perception and reaching movements (Biological Systems and Functions);RDF10;Natural sciences;0.7440290451049805;RDF30;Medical, health and life sciences;0.13850794732570648;RDF40;Agricultural and veterinary sciences;0.052111655473709106;RDF50;Social sciences;0.030337151139974594;RDF20-21;Engineering and technology;0.01905880682170391;RDF60;Humanities and the arts;0.0159553624689579
6;Design and Management of Fog Networks (Computer Science);RDF20-21;Engineering and technology;0.7963621020317078;RDF30;Medical, health and life sciences;0.05002265051007271;RDF10;Natural sciences;0.04848361015319824;RDF50;Social sciences;0.04635383188724518;RDF60;Humanities and the arts;0.03941689804196358;RDF40;Agricultural and veterinary sciences;0.01936092972755432
7;Polymer Porous Fibrous Structures with Antiviral Properties (Materials and Chemical Engineering);RDF20-21;Engineering and technology;0.9429469704627991;RDF30;Medical, health and life sciences;0.03966832533478737;RDF10;Natural sciences;0.005864586215466261;RDF50;Social sciences;0.005195735488086939;RDF60;Humanities and the arts;0.004479004070162773;RDF40;Agricultural and veterinary sciences;0.0018453738885000348
8;L'art Noir: cartographies for an emerging field (Multidisciplinary or interdisciplinary humanities);RDF60;Humanities and the arts;0.9180752038955688;RDF50;Social sciences;0.05887356027960777;RDF30;Medical, health and life sciences;0.010278885252773762;RDF20-21;Engineering and technology;0.006807210389524698;RDF10;Natural sciences;0.0035661908332258463;RDF40;Agricultural and veterinary sciences;0.0023989081382751465
9;System Identification of Human Postural Control: A Multimodal Sensory Stimulation Approach for Diagnosing Balance Disorders;RDF30;Medical, health and life sciences;0.547321617603302;RDF50;Social sciences;0.14208190143108368;RDF10;Natural sciences;0.12538684904575348;RDF60;Humanities and the arts;0.08960993587970734;RDF20-21;Engineering and technology;0.0654960349202156;RDF40;Agricultural and veterinary sciences;0.030103635042905807
10;Transitioning patients with advanced chronic kidney disease to home or facility dialysis: understanding the experience and quality of life for patients and their caregivers (TRANSIT-CARE);RDF30;Medical, health and life sciences;0.9211747050285339;RDF50;Social sciences;0.02905256487429142;RDF10;Natural sciences;0.025551313534379005;RDF60;Humanities and the arts;0.013165540993213654;RDF20-21;Engineering and technology;0.007785104215145111;RDF40;Agricultural and veterinary sciences;0.003270767629146576
11;Tenrikyo and the Rise and Fall of New Religions in Japan (Philosophy, medieval studies, classics, religious);RDF60;Humanities and the arts;0.3347216546535492;RDF30;Medical, health and life sciences;0.22915373742580414;RDF50;Social sciences;0.15235145390033722;RDF10;Natural sciences;0.1193486899137497;RDF20-21;Engineering and technology;0.0897378996014595;RDF40;Agricultural and veterinary sciences;0.07468649744987488
12;Systems biology of size control in eukaryotes (Genes, Cells and Molecules);RDF10;Natural sciences;0.6720020771026611;RDF30;Medical, health and life sciences;0.1410657912492752;RDF20-21;Engineering and technology;0.10911369323730469;RDF50;Social sciences;0.03511404991149902;RDF60;Humanities and the arts;0.025790534913539886;RDF40;Agricultural and veterinary sciences;0.016913844272494316
13;Drop-based microfluidics (DBM) for single cell studies and ultrahigh-throughput phenotypic screens and lab evolution (Genes, Cells and Molecules);RDF30;Medical, health and life sciences;0.3099469542503357;RDF20-21;Engineering and technology;0.27459779381752014;RDF10;Natural sciences;0.26511168479919434;RDF40;Agricultural and veterinary sciences;0.06290808320045471;RDF50;Social sciences;0.05840817466378212;RDF60;Humanities and the arts;0.029027311131358147
14;Neural repair in glaucoma: the role of insulin signaling (Cell Biology – Disease);RDF30;Medical, health and life sciences;0.553292453289032;RDF10;Natural sciences;0.36250388622283936;RDF20-21;Engineering and technology;0.03375105932354927;RDF60;Humanities and the arts;0.022904111072421074;RDF50;Social sciences;0.01487491000443697;RDF40;Agricultural and veterinary sciences;0.012673581019043922
15;Impacts des mesures de protection contre la COVID-19 sur la communication des personnes malentendantes;RDF30;Medical, health and life sciences;0.37296897172927856;RDF50;Social sciences;0.21717940270900726;RDF60;Humanities and the arts;0.16433632373809814;RDF20-21;Engineering and technology;0.14545181393623352;RDF40;Agricultural and veterinary sciences;0.06033799424767494;RDF10;Natural sciences;0.039725497364997864
16;Mixité sociale et scolaire en classe : perception des exigences professionnelles des étudiant·e·s en formation à l'enseignement au Québec et en Suisse (Education and social work);RDF50;Social sciences;0.5137466192245483;RDF60;Humanities and the arts;0.17419706284999847;RDF30;Medical, health and life sciences;0.10606937855482101;RDF40;Agricultural and veterinary sciences;0.07191044837236404;RDF20-21;Engineering and technology;0.06821654736995697;RDF10;Natural sciences;0.06585998088121414
17;Discharges at/near gas-liquid and liquid-liquid interfaces: fundamental investigation and application in liquid processing and nanomaterial synthesis (Physics);RDF20-21;Engineering and technology;0.4544532001018524;RDF10;Natural sciences;0.22245825827121735;RDF30;Medical, health and life sciences;0.17927467823028564;RDF60;Humanities and the arts;0.06679408252239227;RDF50;Social sciences;0.05883055180311203;RDF40;Agricultural and veterinary sciences;0.018189294263720512
18;Fully-Lagrangian three-dimensional modelling of river ice jam initiation;RDF10;Natural sciences;0.5174173712730408;RDF20-21;Engineering and technology;0.13530631363391876;RDF30;Medical, health and life sciences;0.13050459325313568;RDF50;Social sciences;0.08727505803108215;RDF60;Humanities and the arts;0.0849209651350975;RDF40;Agricultural and veterinary sciences;0.04457573592662811
19;Juger l'homosexualité, attribuer l'asile: le traitement des demandes d'asile OSIG au Canada (Political science and public administration);RDF50;Social sciences;0.4534109830856323;RDF30;Medical, health and life sciences;0.13363595306873322;RDF60;Humanities and the arts;0.13285520672798157;RDF10;Natural sciences;0.1310511976480484;RDF20-21;Engineering and technology;0.09494734555482864;RDF40;Agricultural and veterinary sciences;0.05409936606884003
