;sequence;code_div_1;label_div_1;score_div_1;code_gr_1;label_gr_1;score_gr_1;code_gr_2;label_gr_2;score_gr_2;code_gr_3;label_gr_3;score_gr_3
0;Quelles sont les mathématiques utilisées par les ingénieurs au quotidien? Une étude sur les pratiques des ingénieurs pour déterminer leurs besoins mathématiques (Education and social work);RDF50;Social sciences;0.7206400632858276;RDF503;Education;0.8650001287460327;RDF509;Other social sciences;0.02865482121706009;RDF504;Sociology and related studies;0.025253234431147575
1;High-tech paper: Security printing and the aesthetics of trust (Communications, media studies, gender studies, library and information science, related fields);RDF50;Social sciences;0.2514958381652832;RDF508;Media and communications;0.9596655368804932;RDF506;Political science and policy administration;0.011735730804502964;RDF504;Sociology and related studies;0.00573565810918808
2;Integrin Alpha8 is a novel mediator of T lymphocyte migration across the CNS barriers (Systems & Circuits Neurosciences);RDF30;Medical, health and life sciences;0.26657047867774963;RDF301;Basic medicine and life sciences;0.12488589435815811;RDF304;Medical biotechnology;0.027977829799056053;RDF302;Clinical medicine;0.021389467641711235
3;Growing up trans: A qualitative, international, and longitudinal investigation of trans youth access to gender affirming medical care, gender affirmation and well-being (Social & Developmental Aspects of Children's & Youth's Health);RDF30;Medical, health and life sciences;0.23939013481140137;RDF303;Health sciences;0.012185296975076199;RDF301;Basic medicine and life sciences;0.004572645761072636;RDF305;Other medical sciences;0.003734143450856209
4;Programmable DNA-based switches and nanomachines for sensing and drug delivery applications (Chemistry);RDF20-21;Engineering and technology;0.7444721460342407;RDF205;Chemical engineering;0.9954207539558411;RDF211;Nano-technology;0.9475173354148865;RDF210;Industrial biotechnology;0.011225549504160881
5;Interactions between attention, perception and reaching movements (Biological Systems and Functions);RDF30;Medical, health and life sciences;0.3492121696472168;RDF304;Medical biotechnology;0.13006076216697693;RDF302;Clinical medicine;0.11146315187215805;RDF301;Basic medicine and life sciences;0.03589123114943504
6;Design and Management of Fog Networks (Computer Science);RDF20-21;Engineering and technology;0.2750886082649231;RDF201;Civil engineering, maritime engineering, transport engineering, and mining engineering;0.3941369354724884;RDF203;Electrical engineering, computer engineering, and information engineering;0.020596502348780632;RDF211;Nano-technology;0.008491049520671368
7;Polymer Porous Fibrous Structures with Antiviral Properties (Materials and Chemical Engineering);RDF20-21;Engineering and technology;0.6023015379905701;RDF205;Chemical engineering;0.862532913684845;RDF207;Medical and biomedical engineering;0.048750363290309906;RDF201;Civil engineering, maritime engineering, transport engineering, and mining engineering;0.03920404240489006
8;L'art Noir: cartographies for an emerging field (Multidisciplinary or interdisciplinary humanities);RDF60;Humanities and the arts;0.5968537926673889;RDF604;Arts (arts, history of arts, performing arts, music), architecture and design;0.9359180927276611;RDF602;Languages and literature;0.8691452741622925;RDF601;History, archaeology and related studies;0.8174472451210022
9;System Identification of Human Postural Control: A Multimodal Sensory Stimulation Approach for Diagnosing Balance Disorders;RDF30;Medical, health and life sciences;0.408609002828598;RDF305;Other medical sciences;0.7710577249526978;RDF304;Medical biotechnology;0.6249728202819824;RDF303;Health sciences;0.5865429043769836
10;Transitioning patients with advanced chronic kidney disease to home or facility dialysis: understanding the experience and quality of life for patients and their caregivers (TRANSIT-CARE);RDF30;Medical, health and life sciences;0.3730533719062805;RDF303;Health sciences;0.21948674321174622;RDF305;Other medical sciences;0.03143491595983505;RDF304;Medical biotechnology;0.02750866673886776
11;Tenrikyo and the Rise and Fall of New Religions in Japan (Philosophy, medieval studies, classics, religious);RDF60;Humanities and the arts;0.4324556291103363;RDF601;History, archaeology and related studies;0.05986040458083153;RDF604;Arts (arts, history of arts, performing arts, music), architecture and design;0.007287153974175453;RDF602;Languages and literature;0.005465342663228512
12;Systems biology of size control in eukaryotes (Genes, Cells and Molecules);RDF30;Medical, health and life sciences;0.28518784046173096;RDF301;Basic medicine and life sciences;0.0064428760670125484;RDF304;Medical biotechnology;0.005365632940083742;RDF302;Clinical medicine;0.0030264060478657484
13;Drop-based microfluidics (DBM) for single cell studies and ultrahigh-throughput phenotypic screens and lab evolution (Genes, Cells and Molecules);RDF30;Medical, health and life sciences;0.40667924284935;RDF304;Medical biotechnology;0.3080493211746216;RDF303;Health sciences;0.2887893617153168;RDF305;Other medical sciences;0.2296428233385086
14;Neural repair in glaucoma: the role of insulin signaling (Cell Biology – Disease);RDF30;Medical, health and life sciences;0.4335539638996124;RDF305;Other medical sciences;0.19532154500484467;RDF304;Medical biotechnology;0.07947244495153427;RDF301;Basic medicine and life sciences;0.04309253767132759
15;Impacts des mesures de protection contre la COVID-19 sur la communication des personnes malentendantes;RDF30;Medical, health and life sciences;0.27060315012931824;RDF303;Health sciences;0.2730732262134552;RDF304;Medical biotechnology;0.19301216304302216;RDF305;Other medical sciences;0.1870395392179489
16;Mixité sociale et scolaire en classe : perception des exigences professionnelles des étudiant·e·s en formation à l'enseignement au Québec et en Suisse (Education and social work);RDF50;Social sciences;0.7540276646614075;RDF503;Education;0.27797991037368774;RDF504;Sociology and related studies;0.05190805718302727;RDF509;Other social sciences;0.035710688680410385
17;Discharges at/near gas-liquid and liquid-liquid interfaces: fundamental investigation and application in liquid processing and nanomaterial synthesis (Physics);RDF20-21;Engineering and technology;0.19365249574184418;RDF211;Nano-technology;0.04432625323534012;RDF201;Civil engineering, maritime engineering, transport engineering, and mining engineering;0.038118865340948105;RDF207;Medical and biomedical engineering;0.0038199222180992365
18;Fully-Lagrangian three-dimensional modelling of river ice jam initiation;RDF20-21;Engineering and technology;0.2396930754184723;RDF201;Civil engineering, maritime engineering, transport engineering, and mining engineering;0.9104686379432678;RDF205;Chemical engineering;0.5776792764663696;RDF208;Environmental engineering and related engineering;0.5216107368469238
19;Juger l'homosexualité, attribuer l'asile: le traitement des demandes d'asile OSIG au Canada (Political science and public administration);RDF20-21;Engineering and technology;0.24012553691864014;RDF201;Civil engineering, maritime engineering, transport engineering, and mining engineering;0.7245752811431885;RDF208;Environmental engineering and related engineering;0.04699648916721344;RDF202;Industrial, systems and processes engineering;0.016715431585907936
