;sequence;labels;scores
0;a;b;c
1;Quelles sont les mathématiques utilisées par les ingénieurs au quotidien? Une étude sur les pratiques des ingénieurs pour déterminer leurs besoins mathématiques;['Engineering and technology', 'Medical, health and life sciences', 'Social sciences', 'Agricultural and veterinary sciences', 'Natural sciences', 'Humanities and the arts'];[0.5717268586158752, 0.1193823590874672, 0.09303618967533112, 0.08734160661697388, 0.07661674916744232, 0.05189618095755577]
2;High-tech paper: Security printing and the aesthetics of trust;['Engineering and technology', 'Social sciences', 'Humanities and the arts', 'Natural sciences', 'Agricultural and veterinary sciences', 'Medical, health and life sciences'];[0.4661268889904022, 0.14082686603069305, 0.13064046204090118, 0.12596429884433746, 0.07074932008981705, 0.06569214910268784]
3;Integrin Alpha8 is a novel mediator of T lymphocyte migration across the CNS barriers;['Medical, health and life sciences', 'Engineering and technology', 'Natural sciences', 'Social sciences', 'Humanities and the arts', 'Agricultural and veterinary sciences'];[0.4396478235721588, 0.20400741696357727, 0.17606985569000244, 0.1008390560746193, 0.04656102880835533, 0.03287477791309357]
4;Growing up trans: A qualitative, international, and longitudinal investigation of trans youth access to gender affirming medical care, gender affirmation and well-being;['Medical, health and life sciences', 'Social sciences', 'Natural sciences', 'Humanities and the arts', 'Engineering and technology', 'Agricultural and veterinary sciences'];[0.5700836777687073, 0.19961678981781006, 0.07802511006593704, 0.06717021763324738, 0.044952619820833206, 0.04015157371759415]
5;Programmable DNA-based switches and nanomachines for sensing and drug delivery applications;['Engineering and technology', 'Medical, health and life sciences', 'Natural sciences', 'Social sciences', 'Agricultural and veterinary sciences', 'Humanities and the arts'];[0.8450031280517578, 0.11752299219369888, 0.011287014931440353, 0.010295605286955833, 0.008403747342526913, 0.007487485185265541]
6;Interactions between attention, perception and reaching movements;['Social sciences', 'Humanities and the arts', 'Natural sciences', 'Medical, health and life sciences', 'Agricultural and veterinary sciences', 'Engineering and technology'];[0.24987106025218964, 0.22483183443546295, 0.17755208909511566, 0.17741592228412628, 0.09529964625835419, 0.07502950727939606]
7;Design and Management of Fog Networks;['Engineering and technology', 'Natural sciences', 'Social sciences', 'Humanities and the arts', 'Medical, health and life sciences', 'Agricultural and veterinary sciences'];[0.8887478113174438, 0.03987736999988556, 0.030977031216025352, 0.013937749899923801, 0.013792741112411022, 0.01266731321811676]
8;Polymer Porous Fibrous Structures with Antiviral Properties;['Engineering and technology', 'Medical, health and life sciences', 'Natural sciences', 'Agricultural and veterinary sciences', 'Social sciences', 'Humanities and the arts'];[0.6365694403648376, 0.22178427875041962, 0.07217920571565628, 0.028076311573386192, 0.02132451720535755, 0.020066164433956146]
9;L'art Noir: cartographies for an emerging field;['Humanities and the arts', 'Medical, health and life sciences', 'Natural sciences', 'Agricultural and veterinary sciences', 'Social sciences', 'Engineering and technology'];[0.5764843225479126, 0.1071016788482666, 0.09637808799743652, 0.08764740824699402, 0.07997360080480576, 0.052414894104003906]
10;System Identification of Human Postural Control: A Multimodal Sensory Stimulation Approach for Diagnosing Balance Disorders;['Engineering and technology', 'Medical, health and life sciences', 'Social sciences', 'Natural sciences', 'Humanities and the arts', 'Agricultural and veterinary sciences'];[0.40764227509498596, 0.4012155830860138, 0.07207951694726944, 0.05869993194937706, 0.036099955439567566, 0.024262692779302597]
11;Transitioning patients with advanced chronic kidney disease to home or facility dialysis: understanding the experience and quality of life for patients and their caregivers (TRANSIT-CARE);['Medical, health and life sciences', 'Social sciences', 'Engineering and technology', 'Natural sciences', 'Agricultural and veterinary sciences', 'Humanities and the arts'];[0.7244164943695068, 0.07928348332643509, 0.0621282160282135, 0.054491255432367325, 0.03999779373407364, 0.03968271240592003]
12;Tenrikyo and the Rise and Fall of New Religions in Japan;['Social sciences', 'Natural sciences', 'Agricultural and veterinary sciences', 'Medical, health and life sciences', 'Humanities and the arts', 'Engineering and technology'];[0.2932795286178589, 0.17485672235488892, 0.1479794979095459, 0.13856543600559235, 0.13685232400894165, 0.1084664836525917]
13;Systems biology of size control in eukaryotes;['Natural sciences', 'Medical, health and life sciences', 'Social sciences', 'Engineering and technology', 'Agricultural and veterinary sciences', 'Humanities and the arts'];[0.7432166337966919, 0.10611424595117569, 0.04616300389170647, 0.041142787784338, 0.033775560557842255, 0.029587706550955772]
14;Drop-based microfluidics (DBM) for single cell studies and ultrahigh-throughput phenotypic screens and lab evolution;['Engineering and technology', 'Medical, health and life sciences', 'Natural sciences', 'Agricultural and veterinary sciences', 'Social sciences', 'Humanities and the arts'];[0.43410301208496094, 0.3142123520374298, 0.10634921491146088, 0.05427497625350952, 0.04793364182114601, 0.04312678799033165]
15;Neural repair in glaucoma: the role of insulin signaling;['Medical, health and life sciences', 'Engineering and technology', 'Natural sciences', 'Social sciences', 'Humanities and the arts', 'Agricultural and veterinary sciences'];[0.832887589931488, 0.07598206400871277, 0.05042194575071335, 0.018361305817961693, 0.0114763667806983, 0.010870820842683315]
16;Impacts des mesures de protection contre la COVID-19 sur la communication des personnes malentendantes;['Medical, health and life sciences', 'Engineering and technology', 'Social sciences', 'Agricultural and veterinary sciences', 'Humanities and the arts', 'Natural sciences'];[0.4259275794029236, 0.2552458643913269, 0.12551581859588623, 0.06950527429580688, 0.06338348239660263, 0.060421980917453766]
17;Mixité sociale et scolaire en classe : perception des exigences professionnelles des étudiant·e·s en formation à l'enseignement au Québec et en Suisse;['Social sciences', 'Engineering and technology', 'Humanities and the arts', 'Medical, health and life sciences', 'Agricultural and veterinary sciences', 'Natural sciences'];[0.5348783135414124, 0.2562156915664673, 0.06725354492664337, 0.06234782934188843, 0.04120698571205139, 0.03809766471385956]
18;Discharges at/near gas-liquid and liquid-liquid interfaces: fundamental investigation and application in liquid processing and nanomaterial synthesis;['Engineering and technology', 'Natural sciences', 'Social sciences', 'Humanities and the arts', 'Agricultural and veterinary sciences', 'Medical, health and life sciences'];[0.735046923160553, 0.09259189665317535, 0.06111442297697067, 0.04313281923532486, 0.034769874066114426, 0.03334399312734604]
19;Fully-Lagrangian three-dimensional modelling of river ice jam initiation;['Engineering and technology', 'Natural sciences', 'Humanities and the arts', 'Social sciences', 'Medical, health and life sciences', 'Agricultural and veterinary sciences'];[0.4305732846260071, 0.33231836557388306, 0.08018346130847931, 0.07931916415691376, 0.03901408240199089, 0.0385916642844677]
20;Juger l'homosexualité, attribuer l'asile: le traitement des demandes d'asile OSIG au Canada;['Social sciences', 'Humanities and the arts', 'Medical, health and life sciences', 'Agricultural and veterinary sciences', 'Natural sciences', 'Engineering and technology'];[0.30774253606796265, 0.15524473786354065, 0.1498403251171112, 0.13904082775115967, 0.12823204696178436, 0.11989947408437729]
